Workbook

Sheet 1_Raw_Data
A1: JSE TOP 40 MARKET STRESS — RAW DATA INPUT
A2: Quarter (YYYY QQ) | B2: Quarter Start Date | C2: JSE TOP 40 Total Return Index (level, end-qtr) | D2: CPI (Index level, end-qtr avg) | E2: Unemployment Rate (%) [QLFS] | F2: Industrial Production Index (%) | G2: SARB Repo Rate (%) (end-qtr level) | H2: 10-Year Govt Bond Yield (%) (end-qtr) | I2: 91-Day T-Bill Rate (%) (end-qtr)
A3: — | B3: — | C3: Source: JSE / IRESS / Bloomberg | Series: J200T Total Return Index | D3: Source: Stats SA | P0141 CPI All Items | E3: Source: Stats SA | Quarterly Labour Force Survey (QLFS) (%) | F3: Source: Stats SA | P3041.2 Manufacturing Production (%) | G3: Source: SARB | KBP1442 Repo Rate (end-quarter level, (%) | H3: Source: SARB / National Treasury | R2030 10-Year Generic Bond Yield (%) | I3: Source: SARB | KBP2003 91-Day T-Bill Rate — use 2M proxy (%)
A4: 2000 Q1 | B4: 2000-03-31 | C4: 7388.34 | D4: 26.8 | E4: 22.7 | F4: 1.8994856 | G4: 11.75 | H4: 13.165 | I4: 9.93
A5: 2000 Q2 | B5: 2000-06-30 | C5: 7304.22 | D5: 27.4 | E5: 22.71 | F5: -1.5533981 | G5: 11.75 | H5: 13.835 | I5: 10.14
A6: 2000 Q3 | B6: 2000-09-30 | C6: 7957.59 | D6: 27.9 | E6: 23.27404 | F6: 2.4063116 | G6: 12 | H6: 13.53 | I6: 10.18
A7: 2000 Q4 | B7: 2000-12-31 | C7: 8161.68 | D7: 28.233333 | E7: 23.27404 | F7: 1.1941448 | G7: 12 | H7: 13.831 | I7: 10.2
A8: 2001 Q1 | B8: 2001-03-31 | C8: 7965.24 | D8: 28.766667 | E8: 24.6229 | F8: 0.30452988 | G8: 11 | H8: 11.918 | I8: 10.15
A9: 2001 Q2 | B9: 2001-06-30 | C9: 8943.15 | D9: 29.133333 | E9: 24.6229 | F9: -1.4800759 | G9: 11 | H9: 12.178 | I9: 10.23
A10: 2001 Q3 | B10: 2001-09-30 | C10: 8000.04 | D10: 29.266667 | E10: 26.15745 | F10: -0.19260401 | G10: 10 | H10: 12.23 | I10: 9.38
A11: 2001 Q4 | B11: 2001-12-31 | C11: 10515.28 | D11: 29.433333 | E11: 26.15745 | F11: 4.515631 | G11: 9.5 | H11: 12.359 | I11: 8.93
A12: 2002 Q1 | C12: 11109.43 | D12: 30.4 | E12: 27.73393 | F12: 0.48005908 | G12: 11.5 | H12: 12.154 | I12: 9.59
A13: 2002 Q2 | C13: 10109.49 | D13: 31.4 | E13: 27.73393 | F13: 0.88202867 | G13: 12.5 | H13: 12.454 | I13: 11.06
A14: 2002 Q3 | C14: 9057.81 | D14: 32.3 | E14: 26.61707 | F14: 0.47358834 | G14: 13.5 | H14: 12.601 | I14: 11.62
A15: 2002 Q4 | C15: 8749.64 | D15: 33.166667 | E15: 26.61707 | F15: 0 | G15: 13.5 | H15: 11.478 | I15: 12.36
A16: 2003 Q1 | C16: 7301.97 | D16: 33.633333 | E16: 29.33123 | F16: -2.1029732 | G16: 13.5 | H16: 11.917 | I16: 12.56
A17: 2003 Q2 | C17: 7807.07 | D17: 33.866667 | E17: 29.33123 | F17: -0.37037037 | G17: 12 | H17: 11.572 | I17: 12.17
A18: 2003 Q3 | C18: 8354.5 | D18: 33.833333 | E18: 24.81454 | F18: -0.66914498 | G18: 10 | H18: 10.319 | I18: 10.21
A19: 2003 Q4 | C19: 9619.34 | D19: 33.366667 | E19: 24.81454 | F19: 0.074850299 | G19: 8 | H19: 11.01 | I19: 7.76
A20: 2004 Q1 | C20: 9973.28 | D20: 33.8 | E20: 26.3548 | F20: 2.0194465 | G20: 8 | H20: 9.37 | I20: 7.61
A21: 2004 Q2 | C21: 9138.95 | D21: 34.033333 | E21: 26.3548 | F21: 2.0527859 | G21: 8 | H21: 10.01 | I21: 7.77
A22: 2004 Q3 | C22: 10886.17 | D22: 34.3 | E22: 22.9779 | F22: 1.8678161 | G22: 7.5 | H22: 8.542 | I22: 7.5
A23: 2004 Q4 | C23: 11405.72 | D23: 34.466667 | E23: 22.9779 | F23: -0.59943583 | G23: 7.5 | H23: 8.233 | I23: 7.27
... A107: 2025 Q4 | C107: 108231.56 | D107: 103.5 | E107: 31.4 | F107: -1 | G107: 6.75 | H107: 8.24 | I107: 6.78

Sheet 2_Computed_Variables
A1: COMPUTED VARIABLES — Do not edit this sheet directly. All cells are formulas linked from Sheet 1.
A2: Quarter | B2: JSE Log Return (ln(P_t/P_{t-1})) | C2: Next-Qtr Log Return (R_{t+1}) | D2: y_t (=1 if R_{t+1}<0) | E2: x1: CPI Inflation YoY (%) | F2: x2: Unemp Rate (%) | G2: x3: IP Growth YoY (%) | H2: x4: Repo Rate (%) | I2: x5: Yield Spread (10Y - 91-day %) | J2: z1: Stand. Inflation | K2: z3: Stand. IP Growth | L2: z5: Stand. Yield Spread
B3: '=LN(jse_t / jse_{t-1}) | C3: '=b_{t+1} (next-quarter return) | D3: '=IF(c_t < 0, 1, 0) | E3: '=100*(cpi_t - cpi_{t-4}) / cpi_{t-4} | F3: '=unemp_t (direct link) | G3: '=100*(ip_t - ip_{t-4}) / ip_{t-4} | H3: '=repo_t (direct link) | I3: '=10y_t - 2m_t | J3: '=(x1_t - AVERAGE(X1)) / STDEV(X1) | K3: '=(x3_t - AVERAGE(X3)) / STDEV(X3) | L3: '=(x5_t - AVERAGE(X5)) / STDEV(X5)
A4: ='1_Raw_Data'!A5 -> 2000 Q2 | B4: =IFERROR(IF('1_Raw_Data'!C5<>"",LN('1_Raw_Data'!C5/'1_Raw_Data'!C4),""),"") -> -0.011450819 | C4: =IF(B5<>"",B5,"") -> 0.085673927 | D4: =IF(C4<>"",IF(C4<0,1,0),"") -> 0 | F4: ='1_Raw_Data'!E5 -> 22.71 | H4: ='1_Raw_Data'!G5 -> 11.75 | I4: =IF('1_Raw_Data'!H5<>"", '1_Raw_Data'!H5-'1_Raw_Data'!I5,"") -> 3.695 | J4: =IF(E4<>"", (E4-AVERAGE($E$4:$E$104))/STDEV($E$4:$E$104),"") | K4: =IF(G4<>"", (G4-AVERAGE($G$4:$G$104))/STDEV($G$4:$G$104),"") | L4: =IF(I4<>"", (I4-AVERAGE($I$4:$I$104))/STDEV($I$4:$I$104),"") -> 0.99102013
A5: ='1_Raw_Data'!A6 -> 2000 Q3 | B5: =IFERROR(IF('1_Raw_Data'!C6<>"",LN('1_Raw_Data'!C6/'1_Raw_Data'!C5),""),"") -> 0.085673927 | C5: =IF(B6<>"",B6,"") -> 0.02532384 | D5: =IF(C5<>"",IF(C5<0,1,0),"") -> 0 | F5: ='1_Raw_Data'!E6 -> 23.27404 | H5: ='1_Raw_Data'!G6 -> 12 | I5: =IF('1_Raw_Data'!H6<>"", '1_Raw_Data'!H6-'1_Raw_Data'!I6,"") -> 3.35 | J5: =IF(E5<>"", (E5-AVERAGE($E$4:$E$104))/STDEV($E$4:$E$104),"") | K5: =IF(G5<>"", (G5-AVERAGE($G$4:$G$104))/STDEV($G$4:$G$104),"") | L5: =IF(I5<>"", (I5-AVERAGE($I$4:$I$104))/STDEV($I$4:$I$104),"") -> 0.79933914
A6: ='1_Raw_Data'!A7 -> 2000 Q4 | B6: =IFERROR(IF('1_Raw_Data'!C7<>"",LN('1_Raw_Data'!C7/'1_Raw_Data'!C6),""),"") -> 0.02532384 | C6: =IF(B7<>"",B7,"") -> -0.024362955 | D6: =IF(C6<>"",IF(C6<0,1,0),"") -> 1 | F6: ='1_Raw_Data'!E7 -> 23.27404 | H6: ='1_Raw_Data'!G7 -> 12 | I6: =IF('1_Raw_Data'!H7<>"", '1_Raw_Data'!H7-'1_Raw_Data'!I7,"") -> 3.631 | J6: =IF(E6<>"", (E6-AVERAGE($E$4:$E$104))/STDEV($E$4:$E$104),"") | K6: =IF(G6<>"", (G6-AVERAGE($G$4:$G$104))/STDEV($G$4:$G$104),"") | L6: =IF(I6<>"", (I6-AVERAGE($I$4:$I$104))/STDEV($I$4:$I$104),"") -> 0.95546192
A7: ='1_Raw_Data'!A8 -> 2001 Q1 | B7: =IFERROR(IF('1_Raw_Data'!C8<>"",LN('1_Raw_Data'!C8/'1_Raw_Data'!C7),""),"") -> -0.024362955 | C7: =IF(B8<>"",B8,"") -> 0.1158008 | D7: =IF(C7<>"",IF(C7<0,1,0),"") -> 0 | E7: =IF('1_Raw_Data'!D8<>"",100*('1_Raw_Data'!D8-'1_Raw_Data'!D4)/'1_Raw_Data'!D4,"") -> 7.3383085 | F7: ='1_Raw_Data'!E8 -> 24.6229 | G7: =IF('1_Raw_Data'!F8<>"",100*('1_Raw_Data'!F8-'1_Raw_Data'!F4)/'1_Raw_Data'!F4,"") -> -83.967771 | H7: ='1_Raw_Data'!G8 -> 11 | I7: =IF('1_Raw_Data'!H8<>"", '1_Raw_Data'!H8-'1_Raw_Data'!I8,"") -> 1.768 | J7: =IF(E7<>"", (E7-AVERAGE($E$4:$E$104))/STDEV($E$4:$E$104),"") -> 0.81196033 | K7: =IF(G7<>"", (G7-AVERAGE($G$4:$G$104))/STDEV($G$4:$G$104),"") -> #DIV/0! | L7: =IF(I7<>"", (I7-AVERAGE($I$4:$I$104))/STDEV($I$4:$I$104),"") -> -0.079615409
A8: ='1_Raw_Data'!A9 -> 2001 Q2 | B8: =IFERROR(IF('1_Raw_Data'!C9<>"",LN('1_Raw_Data'!C9/'1_Raw_Data'!C8),""),"") -> 0.1158008 | C8: =IF(B9<>"",B9,"") -> -0.11144133 | D8: =IF(C8<>"",IF(C8<0,1,0),"") -> 1 | E8: =IF('1_Raw_Data'!D9<>"",100*('1_Raw_Data'!D9-'1_Raw_Data'!D5)/'1_Raw_Data'!D5,"") -> 6.3260341 | F8: ='1_Raw_Data'!E9 -> 24.6229 | G8: =IF('1_Raw_Data'!F9<>"",100*('1_Raw_Data'!F9-'1_Raw_Data'!F5)/'1_Raw_Data'!F5,"") -> -4.7201139 | H8: ='1_Raw_Data'!G9 -> 11 | I8: =IF('1_Raw_Data'!H9<>"", '1_Raw_Data'!H9-'1_Raw_Data'!I9,"") -> 1.948 | J8: =IF(E8<>"", (E8-AVERAGE($E$4:$E$104))/STDEV($E$4:$E$104),"") -> 0.37546015 | K8: =IF(G8<>"", (G8-AVERAGE($G$4:$G$104))/STDEV($G$4:$G$104),"") -> #DIV/0! | L8: =IF(I8<>"", (I8-AVERAGE($I$4:$I$104))/STDEV($I$4:$I$104),"") -> 0.020392062
A9: ='1_Raw_Data'!A10 -> 2001 Q3 | B9: =IFERROR(IF('1_Raw_Data'!C10<>"",LN('1_Raw_Data'!C10/'1_Raw_Data'!C9),""),"") -> -0.11144133 | C9: =IF(B10<>"",B10,"") -> 0.2733829 | D9: =IF(C9<>"",IF(C9<0,1,0),"") -> 0 | E9: =IF('1_Raw_Data'!D10<>"",100*('1_Raw_Data'!D10-'1_Raw_Data'!D6)/'1_Raw_Data'!D6,"") -> 4.8984468 | F9: ='1_Raw_Data'!E10 -> 26.15745 | G9: =IF('1_Raw_Data'!F10<>"",100*('1_Raw_Data'!F10-'1_Raw_Data'!F6)/'1_Raw_Data'!F6,"") -> -108.00412 | H9: ='1_Raw_Data'!G10 -> 10 | I9: =IF('1_Raw_Data'!H10<>"", '1_Raw_Data'!H10-'1_Raw_Data'!I10,"") -> 2.85 | J9: =IF(E9<>"", (E9-AVERAGE($E$4:$E$104))/STDEV($E$4:$E$104),"") -> -0.24012598 | K9: =IF(G9<>"", (G9-AVERAGE($G$4:$G$104))/STDEV($G$4:$G$104),"") -> #DIV/0! | L9: =IF(I9<>"", (I9-AVERAGE($I$4:$I$104))/STDEV($I$4:$I$104),"") -> 0.52154061
A10: ='1_Raw_Data'!A11 -> 2001 Q4 | B10: =IFERROR(IF('1_Raw_Data'!C11<>"",LN('1_Raw_Data'!C11/'1_Raw_Data'!C10),""),"") -> 0.2733829 | C10: =IF(B11<>"",B11,"") -> 0.05496486 | D10: =IF(C10<>"",IF(C10<0,1,0),"") -> 0 | E10: =IF('1_Raw_Data'!D11<>"",100*('1_Raw_Data'!D11-'1_Raw_Data'!D7)/'1_Raw_Data'!D7,"") -> 4.2502952 | F10: ='1_Raw_Data'!E11 -> 26.15745 | G10: =IF('1_Raw_Data'!F11<>"",100*('1_Raw_Data'!F11-'1_Raw_Data'!F7)/'1_Raw_Data'!F7,"") -> 278.14768 | H10: ='1_Raw_Data'!G11 -> 9.5 | I10: =IF('1_Raw_Data'!H11<>"", '1_Raw_Data'!H11-'1_Raw_Data'!I11,"") -> 3.429 | J10: =IF(E10<>"", (E10-AVERAGE($E$4:$E$104))/STDEV($E$4:$E$104),"") -> -0.51961376 | K10: =IF(G10<>"", (G10-AVERAGE($G$4:$G$104))/STDEV($G$4:$G$104),"") -> #DIV/0! | L10: =IF(I10<>"", (I10-AVERAGE($I$4:$I$104))/STDEV($I$4:$I$104),"") -> 0.84323131
A11: ='1_Raw_Data'!A12 -> 2002 Q1 | B11: =IFERROR(IF('1_Raw_Data'!C12<>"",LN('1_Raw_Data'!C12/'1_Raw_Data'!C11),""),"") -> 0.05496486 | C11: =IF(B12<>"",B12,"") -> -0.094319711 | D11: =IF(C11<>"",IF(C11<0,1,0),"") -> 1 | E11: =IF('1_Raw_Data'!D12<>"",100*('1_Raw_Data'!D12-'1_Raw_Data'!D8)/'1_Raw_Data'!D8,"") -> 5.6778679 | F11: ='1_Raw_Data'!E12 -> 27.73393 | G11: =IF('1_Raw_Data'!F12<>"",100*('1_Raw_Data'!F12-'1_Raw_Data'!F8)/'1_Raw_Data'!F8,"") -> 57.639402 | H11: ='1_Raw_Data'!G12 -> 11.5 | I11: =IF('1_Raw_Data'!H12<>"", '1_Raw_Data'!H12-'1_Raw_Data'!I12,"") -> 2.564 | J11: =IF(E11<>"", (E11-AVERAGE($E$4:$E$104))/STDEV($E$4:$E$104),"") -> 0.095966125 | K11: =IF(G11<>"", (G11-AVERAGE($G$4:$G$104))/STDEV($G$4:$G$104),"") -> #DIV/0! | L11: =IF(I11<>"", (I11-AVERAGE($I$4:$I$104))/STDEV($I$4:$I$104),"") -> 0.36263985
A12: ='1_Raw_Data'!A13 -> 2002 Q2 | B12: =IFERROR(IF('1_Raw_Data'!C13<>"",LN('1_Raw_Data'!C13/'1_Raw_Data'!C12),""),"") -> -0.094319711 | C12: =IF(B13<>"",B13,"") -> -0.10984722 | D12: =IF(C12<>"",IF(C12<0,1,0),"") -> 1 | E12: =IF('1_Raw_Data'!D13<>"",100*('1_Raw_Data'!D13-'1_Raw_Data'!D9)/'1_Raw_Data'!D9,"") -> 7.7803204 | F12: ='1_Raw_Data'!E13 -> 27.73393 | G12: =IF('1_Raw_Data'!F13<>"",100*('1_Raw_Data'!F13-'1_Raw_Data'!F9)/'1_Raw_Data'!F9,"") -> -159.59348 | H12: ='1_Raw_Data'!G13 -> 12.5 | I12: =IF('1_Raw_Data'!H13<>"", '1_Raw_Data'!H13-'1_Raw_Data'!I13,"") -> 1.394 | J12: =IF(E12<>"", (E12-AVERAGE($E$4:$E$104))/STDEV($E$4:$E$104),"") -> 1.0025591 | K12: =IF(G12<>"", (G12-AVERAGE($G$4:$G$104))/STDEV($G$4:$G$104),"") -> #DIV/0! | L12: =IF(I12<>"", (I12-AVERAGE($I$4:$I$104))/STDEV($I$4:$I$104),"") -> -0.28740871
A13: ='1_Raw_Data'!A14 -> 2002 Q3 | B13: =IFERROR(IF('1_Raw_Data'!C14<>"",LN('1_Raw_Data'!C14/'1_Raw_Data'!C13),""),"") -> -0.10984722 | C13: =IF(B14<>"",B14,"") -> -0.034614812 | D13: =IF(C13<>"",IF(C13<0,1,0),"") -> 1 | E13: =IF('1_Raw_Data'!D14<>"",100*('1_Raw_Data'!D14-'1_Raw_Data'!D10)/'1_Raw_Data'!D10,"") -> 10.364465 | F13: ='1_Raw_Data'!E14 -> 26.61707 | G13: =IF('1_Raw_Data'!F14<>"",100*('1_Raw_Data'!F14-'1_Raw_Data'!F10)/'1_Raw_Data'!F10,"") -> -345.88707 | H13: ='1_Raw_Data'!G14 -> 13.5 | I13: =IF('1_Raw_Data'!H14<>"", '1_Raw_Data'!H14-'1_Raw_Data'!I14,"") -> 0.981 | J13: =IF(E13<>"", (E13-AVERAGE($E$4:$E$104))/STDEV($E$4:$E$104),"") -> 2.1168612 | K13: =IF(G13<>"", (G13-AVERAGE($G$4:$G$104))/STDEV($G$4:$G$104),"") -> #DIV/0! | L13: =IF(I13<>"", (I13-AVERAGE($I$4:$I$104))/STDEV($I$4:$I$104),"") -> -0.5168703
A14: ='1_Raw_Data'!A15 -> 2002 Q4 | B14: =IFERROR(IF('1_Raw_Data'!C15<>"",LN('1_Raw_Data'!C15/'1_Raw_Data'!C14),""),"") -> -0.034614812 | C14: =IF(B15<>"",B15,"") -> -0.18086838 | D14: =IF(C14<>"",IF(C14<0,1,0),"") -> 1 | E14: =IF('1_Raw_Data'!D15<>"",100*('1_Raw_Data'!D15-'1_Raw_Data'!D11)/'1_Raw_Data'!D11,"") -> 12.684032 | F14: ='1_Raw_Data'!E15 -> 26.61707 | G14: =IF('1_Raw_Data'!F15<>"",100*('1_Raw_Data'!F15-'1_Raw_Data'!F11)/'1_Raw_Data'!F11,"") -> -100 | H14: ='1_Raw_Data'!G15 -> 13.5 | I14: =IF('1_Raw_Data'!H15<>"", '1_Raw_Data'!H15-'1_Raw_Data'!I15,"") -> -0.882 | J14: =IF(E14<>"", (E14-AVERAGE($E$4:$E$104))/STDEV($E$4:$E$104),"") -> 3.1170756 | K14: =IF(G14<>"", (G14-AVERAGE($G$4:$G$104))/STDEV($G$4:$G$104),"") -> #DIV/0! | L14: =IF(I14<>"", (I14-AVERAGE($I$4:$I$104))/STDEV($I$4:$I$104),"") -> -1.5519476
A15: ='1_Raw_Data'!A16 -> 2003 Q1 | B15: =IFERROR(IF('1_Raw_Data'!C16<>"",LN('1_Raw_Data'!C16/'1_Raw_Data'!C15),""),"") -> -0.18086838 | C15: =IF(B16<>"",B16,"") -> 0.066885559 | D15: =IF(C15<>"",IF(C15<0,1,0),"") -> 0 | E15: =IF('1_Raw_Data'!D16<>"",100*('1_Raw_Data'!D16-'1_Raw_Data'!D12)/'1_Raw_Data'!D12,"") -> 10.635965 | F15: ='1_Raw_Data'!E16 -> 29.33123 | G15: =IF('1_Raw_Data'!F16<>"",100*('1_Raw_Data'!F16-'1_Raw_Data'!F12)/'1_Raw_Data'!F12,"") -> -538.06549 | H15: ='1_Raw_Data'!G16 -> 13.5 | I15: =IF('1_Raw_Data'!H16<>"", '1_Raw_Data'!H16-'1_Raw_Data'!I16,"") -> -0.643 | J15: =IF(E15<>"", (E15-AVERAGE($E$4:$E$104))/STDEV($E$4:$E$104),"") -> 2.2339341 | K15: =IF(G15<>"", (G15-AVERAGE($G$4:$G$104))/STDEV($G$4:$G$104),"") -> #DIV/0! | L15: =IF(I15<>"", (I15-AVERAGE($I$4:$I$104))/STDEV($I$4:$I$104),"") -> -1.4191599
A16: ='1_Raw_Data'!A17 -> 2003 Q2 | B16: =IFERROR(IF('1_Raw_Data'!C17<>"",LN('1_Raw_Data'!C17/'1_Raw_Data'!C16),""),"") -> 0.066885559 | C16: =IF(B17<>"",B17,"") -> 0.067770582 | D16: =IF(C16<>"",IF(C16<0,1,0),"") -> 0 | E16: =IF('1_Raw_Data'!D17<>"",100*('1_Raw_Data'!D17-'1_Raw_Data'!D13)/'1_Raw_Data'!D13,"") -> 7.8556263 | F16: ='1_Raw_Data'!E17 -> 29.33123 | G16: =IF('1_Raw_Data'!F17<>"",100*('1_Raw_Data'!F17-'1_Raw_Data'!F13)/'1_Raw_Data'!F13,"") -> -141.99074 | H16: ='1_Raw_Data'!G17 -> 12 | I16: =IF('1_Raw_Data'!H17<>"", '1_Raw_Data'!H17-'1_Raw_Data'!I17,"") -> -0.598 | J16: =IF(E16<>"", (E16-AVERAGE($E$4:$E$104))/STDEV($E$4:$E$104),"") -> 1.0350316 | K16: =IF(G16<>"", (G16-AVERAGE($G$4:$G$104))/STDEV($G$4:$G$104),"") -> #DIV/0! | L16: =IF(I16<>"", (I16-AVERAGE($I$4:$I$104))/STDEV($I$4:$I$104),"") -> -1.3941581
A17: ='1_Raw_Data'!A18 -> 2003 Q3 | B17: =IFERROR(IF('1_Raw_Data'!C18<>"",LN('1_Raw_Data'!C18/'1_Raw_Data'!C17),""),"") -> 0.067770582 | C17: =IF(B18<>"",B18,"") -> 0.14097534 | D17: =IF(C17<>"",IF(C17<0,1,0),"") -> 0 | E17: =IF('1_Raw_Data'!D18<>"",100*('1_Raw_Data'!D18-'1_Raw_Data'!D14)/'1_Raw_Data'!D14,"") -> 4.747162 | F17: ='1_Raw_Data'!E18 -> 24.81454 | G17: =IF('1_Raw_Data'!F18<>"",100*('1_Raw_Data'!F18-'1_Raw_Data'!F14)/'1_Raw_Data'!F14,"") -> -241.29254 | H17: ='1_Raw_Data'!G18 -> 10 | I17: =IF('1_Raw_Data'!H18<>"", '1_Raw_Data'!H18-'1_Raw_Data'!I18,"") -> 0.109 | J17: =IF(E17<>"", (E17-AVERAGE($E$4:$E$104))/STDEV($E$4:$E$104),"") -> -0.30536111 | K17: =IF(G17<>"", (G17-AVERAGE($G$4:$G$104))/STDEV($G$4:$G$104),"") -> #DIV/0! | L17: =IF(I17<>"", (I17-AVERAGE($I$4:$I$104))/STDEV($I$4:$I$104),"") -> -1.0013509
A18: ='1_Raw_Data'!A19 -> 2003 Q4 | B18: =IFERROR(IF('1_Raw_Data'!C19<>"",LN('1_Raw_Data'!C19/'1_Raw_Data'!C18),""),"") -> 0.14097534 | C18: =IF(B19<>"",B19,"") -> 0.036133862 | D18: =IF(C18<>"",IF(C18<0,1,0),"") -> 0 | E18: =IF('1_Raw_Data'!D19<>"",100*('1_Raw_Data'!D19-'1_Raw_Data'!D15)/'1_Raw_Data'!D15,"") -> 0.60301508 | F18: ='1_Raw_Data'!E19 -> 24.81454 | G18: =IF('1_Raw_Data'!F19<>"",100*('1_Raw_Data'!F19-'1_Raw_Data'!F15)/'1_Raw_Data'!F15,"") -> #DIV/0! | H18: ='1_Raw_Data'!G19 -> 8 | I18: =IF('1_Raw_Data'!H19<>"", '1_Raw_Data'!H19-'1_Raw_Data'!I19,"") -> 3.25 | J18: =IF(E18<>"", (E18-AVERAGE($E$4:$E$104))/STDEV($E$4:$E$104),"") -> -2.0923478 | K18: =IF(G18<>"", (G18-AVERAGE($G$4:$G$104))/STDEV($G$4:$G$104),"") -> #DIV/0! | L18: =IF(I18<>"", (I18-AVERAGE($I$4:$I$104))/STDEV($I$4:$I$104),"") -> 0.74377944
... A104: ='1_Raw_Data'!A105 -> 2025 Q2 | B104: =IFERROR(IF('1_Raw_Data'!C105<>"",LN('1_Raw_Data'!C105/'1_Raw_Data'!C104),""),"") -> 0.17729237 | C104: =IF(B105<>"",B105,"") | D104: =IF(C104<>"",IF(C104<0,1,0),"") | E104: =IF('1_Raw_Data'!D105<>"",100*('1_Raw_Data'!D105-'1_Raw_Data'!D101)/'1_Raw_Data'!D101,"") -> 2.8878442 | F104: ='1_Raw_Data'!E105 -> 33.18259 | G104: =IF('1_Raw_Data'!F105<>"",100*('1_Raw_Data'!F105-'1_Raw_Data'!F101)/'1_Raw_Data'!F101,"") -> 278.2553 | H104: ='1_Raw_Data'!G105 -> 7.25 | I104: =IF('1_Raw_Data'!H105<>"", '1_Raw_Data'!H105-'1_Raw_Data'!I105,"") -> 2.38 | J104: =IF(E104<>"", (E104-AVERAGE($E$4:$E$104))/STDEV($E$4:$E$104),"") -> -1.1071127 | K104: =IF(G104<>"", (G104-AVERAGE($G$4:$G$104))/STDEV($G$4:$G$104),"") -> #DIV/0! | L104: =IF(I104<>"", (I104-AVERAGE($I$4:$I$104))/STDEV($I$4:$I$104),"") -> 0.26040999
